{
  "data_date": "2026-07-01",
  "latest_close": 1865.37,
  "probabilities": {
    "20": {
      "Bear": 0.1017645071860895,
      "Bull": 0.36472204981637174,
      "Sideway": 0.33527952016602586,
      "Stress": 0.19823392283151303
    },
    "40": {
      "Bear": 0.1096967726391655,
      "Bull": 0.4218147353976341,
      "Sideway": 0.33954253467179535,
      "Stress": 0.12894595729140515
    },
    "60": {
      "Bear": 0.04424185866826334,
      "Bull": 0.45010314547485236,
      "Sideway": 0.28662712302025317,
      "Stress": 0.2190278728366311
    }
  },
  "confidence": {
    "maximum_probability": 0.4218147353976341,
    "probability_margin": 0.08227220072583874,
    "ebm_entropy": 0.8926145559484042,
    "hmm_confidence": 0.9981100501839324,
    "bootstrap_std": NaN,
    "feature_drift": 0.0,
    "model_disagreement": 0.0,
    "confidence_label": "Uncertain"
  },
  "market_filter": {
    "market_state": "Uncertain",
    "market_score": 0.053875054252005304,
    "exposure_multiplier": 0.1350675,
    "allowed_strategies": "defensive/selective",
    "restricted_strategies": "leveraged long",
    "risk_flags": "high_drawdown,uncertain",
    "human_readable_summary": "Trạng thái Uncertain; exposure tham khảo 14%.",
    "technical_explanation": "score=0.054, drawdown_probability=0.571"
  },
  "monte_carlo": [
    {
      "horizon": 20,
      "expected_return": -0.0160974944,
      "median_return": -0.0183798159,
      "probability_return_positive": 0.421,
      "probability_return_below_minus_5pct": 0.35,
      "probability_max_drawdown_below_minus_8pct": 0.327,
      "expected_max_drawdown": -0.0610107316,
      "return_q01": -0.2078138278,
      "return_q05": -0.1477493519,
      "return_q10": -0.1182711445,
      "return_q25": -0.072410791,
      "return_q50": -0.0183798159,
      "return_q75": 0.0387612979,
      "return_q90": 0.0884098852,
      "return_q95": 0.1203384286,
      "return_q99": 0.1945110027,
      "price_q05": 1589.7627915033,
      "price_q10": 1644.7505551477,
      "price_q25": 1730.2970827522,
      "price_q50": 1831.0848428435,
      "price_q75": 1937.6741622427,
      "price_q90": 2030.2871475282,
      "price_q95": 2089.8456945838,
      "mode": "structural"
    },
    {
      "horizon": 40,
      "expected_return": -0.0207822409,
      "median_return": -0.0238278964,
      "probability_return_positive": 0.399,
      "probability_return_below_minus_5pct": 0.416,
      "probability_max_drawdown_below_minus_8pct": 0.487,
      "expected_max_drawdown": -0.0877486074,
      "return_q01": -0.2621462838,
      "return_q05": -0.193915154,
      "return_q10": -0.160301476,
      "return_q25": -0.10059224,
      "return_q50": -0.0238278964,
      "return_q75": 0.0486263556,
      "return_q90": 0.1272062822,
      "return_q95": 0.1814275342,
      "return_q99": 0.2789902957,
      "price_q05": 1503.6464890901,
      "price_q10": 1566.3484356703,
      "price_q25": 1677.7282532148,
      "price_q50": 1820.9221569702,
      "price_q75": 1956.0761449411,
      "price_q90": 2102.6567827045,
      "price_q95": 2203.7994794072,
      "mode": "structural"
    },
    {
      "horizon": 60,
      "expected_return": -0.0224411599,
      "median_return": -0.0332264577,
      "probability_return_positive": 0.414,
      "probability_return_below_minus_5pct": 0.448,
      "probability_max_drawdown_below_minus_8pct": 0.571,
      "expected_max_drawdown": -0.1072405056,
      "return_q01": -0.2983768429,
      "return_q05": -0.2345031695,
      "return_q10": -0.1942726666,
      "return_q25": -0.1182767641,
      "return_q50": -0.0332264577,
      "return_q75": 0.0649370663,
      "return_q90": 0.1519379496,
      "return_q95": 0.2151506843,
      "return_q99": 0.4134481058,
      "price_q05": 1427.9348226629,
      "price_q10": 1502.9795959474,
      "price_q25": 1644.7400725271,
      "price_q50": 1803.3903626906,
      "price_q75": 1986.5016553476,
      "price_q90": 2148.7904931026,
      "price_q95": 2266.7056319427,
      "mode": "structural"
    }
  ],
  "git_commit": "85d8885"
}