{
  "available": true,
  "sizes": [
    512,
    2048
  ],
  "cpu": [
    0.003584699999919394,
    0.03511643333331449
  ],
  "cuda": [
    0.010877199999716444,
    0.002287800000582744
  ],
  "cuda_speedup_largest": 15.349433221597037
}