{
  "hmm": {
    "n_states": 4,
    "score": -10002.727144578846,
    "transition_matrix": [
      [
        0.982091348321744,
        0.0023389765275613167,
        0.011291776458307928,
        0.004277898692386826
      ],
      [
        1.1217259896638973e-135,
        0.9726771217936269,
        0.013950182719502139,
        0.013372695486870964
      ],
      [
        0.0148067114577157,
        0.0049475355351060206,
        0.974305948352484,
        0.00593980465469429
      ],
      [
        3.006833701875234e-34,
        0.012749798269065735,
        0.023332407059214282,
        0.96391779467172
      ]
    ],
    "warnings": [],
    "feature_columns": [
      "ret_1",
      "ewma_volatility",
      "log_return_20"
    ]
  },
  "egarch": {
    "converged": true,
    "params": {
      "mu": 0.004937423945118309,
      "omega": 0.019203949172412044,
      "alpha[1]": 0.4304485456210143,
      "gamma[1]": -0.015323859309723986,
      "beta[1]": 0.9649766355286082,
      "nu": 11.217413964974225
    },
    "warnings": [],
    "dist": "StudentsT"
  },
  "calibration": {
    "RAEMF-MC_20": {
      "temperature": 2.4,
      "used": true,
      "validation_log_loss_after": 1.3999492968541762
    },
    "XGBoost_20": {
      "temperature": 2.4,
      "used": true,
      "validation_log_loss_after": 1.3800424476427933
    },
    "Random Forest_20": {
      "temperature": 1.9,
      "used": true,
      "validation_log_loss_after": 1.3734403915316105
    },
    "RAEMF-MC_40": {
      "temperature": 2.4,
      "used": true,
      "validation_log_loss_after": 1.4204995883333187
    },
    "XGBoost_40": {
      "temperature": 1.9,
      "used": true,
      "validation_log_loss_after": 1.3218175487708987
    },
    "Random Forest_40": {
      "temperature": 1.5999999999999999,
      "used": true,
      "validation_log_loss_after": 1.3421780298378398
    },
    "RAEMF-MC_60": {
      "temperature": 2.4,
      "used": true,
      "validation_log_loss_after": 1.4446300543518587
    },
    "XGBoost_60": {
      "temperature": 2.4,
      "used": true,
      "validation_log_loss_after": 1.3489524703644922
    },
    "Random Forest_60": {
      "temperature": 2.0999999999999996,
      "used": true,
      "validation_log_loss_after": 1.3342274710189517
    }
  }
}