raw_state,mean_return,std_return,downside_rms,negative_probability,frequency,average_duration,aligned_state,economic_label,economic_interpretation
3,0.006507421327713415,0.019560847780810388,0.01097795076826833,0.34591931648154056,0.15977419033714957,24.423076923076923,0,Expansion,Lợi suất tương đối mạnh với rủi ro không cực đại
1,0.0002149768951109297,0.011273404655257334,0.008019394636793232,0.48140886397610866,0.3815368570955501,31.791666666666668,1,Range,"Trạng thái trung gian sau khi loại các cực trị tăng, giảm và biến động"
0,2.1183782693519144e-06,0.006579225162784714,0.004557720687505129,0.5086990649052637,0.285008337041335,49.47826086956522,2,Contraction,Lợi suất trung bình yếu nhất trong các trạng thái không hỗn loạn
2,-0.003600472482644621,0.025178738966439407,0.020152381951206753,0.5573068884744347,0.17368061552596525,27.8,3,Turbulence,"Điểm tổng hợp biến động, downside và xác suất âm cao nhất"
