hmm_weight,random_forest_weight,cv_score,cv_score_std,cv_robust_score,cv_rmse
0.8200000000000001,0.17999999999999994,0.048380405224258405,0.01882573736276442,0.0436739708835673,0.0814112849866738
