horizon,model,strategy_total_return,strategy_cagr,strategy_ann_vol,strategy_sharpe,strategy_sortino,strategy_max_drawdown,strategy_calmar,strategy_win_rate_daily,strategy_profit_factor,strategy_exposure,strategy_turnover,strategy_beta_to_buy_hold,strategy_alpha_annualized,strategy_information_ratio,buy_hold_total_return,buy_hold_sharpe
20,HMM Regime,0.2785322033077946,0.06868586474401672,0.17498081951532948,0.4723358726350204,0.03178665183231722,-0.18618617647220725,0.3689095831143497,0.49077090119435396,1.0981284912554312,0.8773072747014115,0.01737242128121607,0.8088665007742607,-0.024391430553060756,-0.5836218960204843,0.5129899632398498,0.6803581865233012
20,HMM-EGARCH-LightGBM Quantile,0.11192443549359443,0.029097905430901738,0.1559605872473126,0.26458745429223646,0.015429365983438083,-0.20719432001963334,0.14043775634459707,0.3800217155266015,1.0623736287299057,0.6710097719869706,0.12160694896851248,0.6425256893297884,-0.04376326367831021,-0.7826630903655658,0.5129899632398498,0.6803581865233012
20,OOF HMM-RF Ensemble,0.45664191650209496,0.10703995305993841,0.1862079356490401,0.6464703848109378,0.04644226399605507,-0.18815345352762003,0.568897094648467,0.5385450597176982,1.128708443926347,0.9641693811074918,0.01520086862106406,0.916330524960832,-0.0008844579222068271,-0.2123267026610395,0.5129899632398498,0.6803581865233012
20,Random Forest,0.5090100759921297,0.11766169194345077,0.14429673558308356,0.8527768590255534,0.051408751964704284,-0.1334353396463187,0.881788079944359,0.3735070575461455,1.2157081980640008,0.6623235613463626,0.11292073832790445,0.5502319068054886,0.05023811342891221,-0.07114516390614345,0.5129899632398498,0.6803581865233012
20,SVR,0.45670386958782894,0.107052682273451,0.13353300284982378,0.8380449980544792,0.04421277806463219,-0.110141314084519,0.9719575543769354,0.2888165038002172,1.2462215109868433,0.509229098805646,0.22041259500542887,0.4710677723235856,0.049568027791576846,-0.14437529499756246,0.5129899632398498,0.6803581865233012
