horizon,expected_return,median_return,q01,q05,q25,q50,q75,q95,q99,prob_positive,prob_negative,prob_drawdown_gt_5pct,prob_drawdown_gt_10pct,prob_drawdown_gt_15pct,prob_drawdown_gt_20pct,var_95,cvar_95,max_drawdown_mean,ess,ess_fraction,tempering_power,student_t_nu,dominant_terminal_state,proposal_class_probabilities
20,0.014409025483607002,0.005460927817126356,-0.4703629621464469,-0.20914009343596685,-0.022263041833735172,0.005460927817126356,0.03444080508193519,0.2685039645071634,0.6309616211683352,0.5604907385466892,0.4395092614533106,0.3616822201250459,0.20240691290028434,0.16049697795245574,0.13137743753676268,0.20914009343596685,0.351240200736576,-0.08289706493644386,629.0532637868087,0.5242110531556738,1.0,6.663767453324952,3,0.16000000;0.16250000;0.60083333;0.07666667
40,0.032024718392565016,0.018683159577512105,-1.272756891401418,-0.4980582777711482,-0.03955731357490157,0.018683159577512105,0.07682634897529478,0.6184253904746031,1.4381743217350769,0.6052422372740458,0.3947577627259543,0.6074144349214119,0.40441802902901214,0.30975358835917405,0.2743848547883029,0.4980582777711482,0.8892774615679216,-0.17025272116614137,892.7828029228579,0.7439856691023815,1.0,6.663767453324952,3,0.21083333;0.21833333;0.42333333;0.14750000
60,0.004026392523668194,0.022286874593952018,-2.0709591577287476,-0.8967699362123018,-0.06781515416628199,0.022286874593952018,0.10992953375910015,0.8587597516671494,1.8309942415210523,0.5864090583751245,0.41359094162487564,0.728548881887448,0.5386030677458667,0.4238313926432506,0.37568784225928353,0.8967699362123018,1.6274117611803902,-0.24291239785782132,850.2053478000809,0.7085044565000674,1.0,6.663767453324952,3,0.25833333;0.25833333;0.34833333;0.13500000
