horizon,expected_return,median_return,q01,q05,q25,q50,q75,q95,q99,prob_positive,prob_negative,prob_drawdown_gt_5pct,prob_drawdown_gt_10pct,prob_drawdown_gt_15pct,prob_drawdown_gt_20pct,var_95,cvar_95,max_drawdown_mean,ess,ess_fraction,tempering_power,student_t_nu,dominant_terminal_state,proposal_class_probabilities
20,0.014409025483542282,0.005460927817026644,-0.4703629621462749,-0.20914009343582543,-0.02226304183385459,0.005460927817026644,0.034440805081764565,0.26850396450720604,0.6309616211684742,0.5604907385466892,0.4395092614533106,0.3616822201250459,0.20240691290028434,0.16049697795245574,0.13137743753676268,0.20914009343582543,0.35124020073647355,-0.08289706493647761,629.0532637868087,0.5242110531556738,1.0,6.663767453324952,3,0.16000000;0.16250000;0.60083333;0.07666667
40,0.03202471839242394,0.018683159577192125,-1.272756891401214,-0.49805827777117684,-0.039557313574968375,0.018683159577192125,0.07682634897497931,0.6184253904747954,1.438174321735238,0.6052422372740458,0.3947577627259543,0.6074144349214119,0.40441802902901214,0.30975358835917405,0.2743848547883029,0.49805827777117684,0.8892774615679095,-0.17025272116620616,892.7828029228579,0.7439856691023815,1.0,6.663767453324952,3,0.21083333;0.21833333;0.42333333;0.14750000
60,0.004026392523458697,0.02228687459360341,-2.0709591577289093,-0.8967699362122753,-0.0678151541666031,0.02228687459360341,0.10992953375891136,0.8587597516676135,1.8309942415215203,0.5864090583751245,0.41359094162487564,0.728548881887448,0.5386030677458667,0.4238313926432506,0.37568784225928353,0.8967699362122753,1.627411761180324,-0.24291239785791555,850.2053478000809,0.7085044565000674,1.0,6.663767453324952,3,0.25833333;0.25833333;0.34833333;0.13500000
